ros_time,event,history_keyframe,current_keyframe,value1,value2
1789794132.590626717,candidate_hold,112,172,1.000000000,2.000000000
1789794133.190547943,candidate_queued,113,173,2.000000000,1.000000000
1789794133.724082947,candidate_queued,114,174,3.000000000,1.000000000
1789794133.996964693,reject_correction,113,173,0.078242670,0.010654883
1789794134.124022484,candidate_queued,115,175,4.000000000,1.000000000
1789794134.717450380,reject_correction,114,174,0.042665284,0.006891778
1789794135.124058723,candidate_queued,116,176,5.000000000,1.000000000
1789794135.225115538,reject_correction,115,175,0.050440759,0.012865586
1789794135.648477554,reject_correction,116,176,0.031888905,0.012173332
1789794135.924016714,candidate_queued,117,177,6.000000000,1.000000000
1789794136.242512226,geometry_hold,117,177,0.009536440,0.979695431
1789794136.590693474,candidate_queued,118,178,7.000000000,1.000000000
1789794136.923992157,candidate_queued,119,179,8.000000000,1.000000000
1789794136.934262991,geometry_verified,118,178,0.008700470,0.986360536
1789794136.934368849,accepted,118,178,1.000000000,0.000000000
1789794137.254335642,geometry_hold,119,179,0.008618011,0.988794263
1789794145.457391977,candidate_queued,117,193,22.000000000,1.000000000
1789794146.000506878,geometry_verified,117,193,0.008045021,0.993923341
1789794146.000584364,accepted,117,193,2.000000000,0.000000000
1789794176.257242918,candidate_queued,103,208,37.000000000,1.000000000
1789794176.832688808,geometry_hold,103,208,0.007832903,0.997023810
1789794177.923927307,candidate_queued,101,209,38.000000000,1.000000000
1789794178.350829601,geometry_verified,101,209,0.007550365,0.997387670
1789794178.350902796,accepted,101,209,3.000000000,0.000000000
1789794179.657540798,candidate_hold,78,210,1.000000000,2.000000000
1789794181.323884487,candidate_hold,100,211,1.000000000,2.000000000
1789794213.123877048,candidate_hold,106,227,1.000000000,2.000000000
1789794215.190546751,candidate_queued,106,228,2.000000000,1.000000000
1789794216.069189072,reject_correction,106,228,0.071415402,0.025414974
1789794217.323846817,candidate_queued,107,229,3.000000000,1.000000000
1789794218.020846605,reject_correction,107,229,0.053494783,0.006298556
1789794219.324082375,candidate_queued,107,230,4.000000000,1.000000000
1789794219.814393044,reject_correction,107,230,0.066739727,0.004486734
1789794221.323891163,candidate_queued,110,231,5.000000000,1.000000000
1789794221.773732185,reject_correction,110,231,15.556523200,3.141384659
1789794223.190503836,candidate_queued,110,232,6.000000000,1.000000000
1789794223.597366095,reject_correction,110,232,16.074045776,3.139406745
1789794225.057276487,candidate_queued,110,233,7.000000000,1.000000000
1789794225.518038750,reject_correction,110,233,16.610759916,3.137551041
1789794226.923939228,candidate_queued,110,234,8.000000000,1.000000000
1789794227.534140110,reject_correction,110,234,16.876956374,0.032225797
1789794228.724032164,candidate_queued,110,235,9.000000000,1.000000000
1789794229.274450541,reject_correction,110,235,16.998838137,0.029830079
1789794230.590579748,candidate_queued,110,236,10.000000000,1.000000000
1789794231.190856934,reject_correction,110,236,17.355409073,0.017125255
1789794232.457407713,candidate_queued,110,237,11.000000000,1.000000000
1789794232.894614935,reject_correction,110,237,17.618041121,0.019716724
1789794234.124022007,candidate_queued,110,238,12.000000000,1.000000000
1789794234.820809126,reject_correction,110,238,17.546554230,0.023201393
1789794235.923923731,candidate_queued,110,239,13.000000000,1.000000000
1789794236.470989466,reject_correction,110,239,19.724521979,3.138723487
1789794344.590522766,candidate_hold,234,294,1.000000000,2.000000000
1789794346.923851728,candidate_queued,234,295,2.000000000,1.000000000
1789794348.059874535,reject_correction,234,295,31.648394952,0.067980734
1789794351.323966026,candidate_queued,237,297,3.000000000,2.000000000
1789794352.308187485,reject_correction,237,297,31.102025805,0.089898352
1789794353.390517712,candidate_queued,237,298,4.000000000,1.000000000
1789794354.330125093,reject_correction,237,298,31.598288843,0.114475105
1789794355.590596914,candidate_queued,236,299,5.000000000,1.000000000
1789794356.510454178,reject_correction,236,299,32.625139931,0.098618177
1789794365.590687513,candidate_queued,237,304,6.000000000,5.000000000
1789794366.393405437,reject_correction,237,304,34.682914424,0.099096755
1789794367.590756655,candidate_queued,244,305,7.000000000,1.000000000
1789794368.273699284,reject_correction,244,305,31.518778330,0.104480522
1789794369.390645027,candidate_queued,244,306,8.000000000,1.000000000
1789794370.046323299,reject_correction,244,306,32.056941222,0.095265796
1789794371.257364988,candidate_queued,244,307,9.000000000,1.000000000
1789794371.866890907,reject_correction,244,307,32.544158480,0.054564588
1789794373.190596104,candidate_queued,237,308,10.000000000,1.000000000
1789794373.868396282,reject_correction,237,308,36.713666295,0.060410297
1789794375.190503836,candidate_queued,244,309,11.000000000,1.000000000
1789794375.680546522,reject_correction,244,309,33.555562713,0.107419177
1789794377.057332754,candidate_queued,237,310,12.000000000,1.000000000
1789794377.729925394,reject_correction,237,310,37.763015685,0.048189147
1789794378.990597725,candidate_queued,244,311,13.000000000,1.000000000
1789794379.399626732,reject_correction,244,311,34.628178273,0.086910462
1789794380.923879862,candidate_queued,236,312,14.000000000,1.000000000
1789794381.566924095,reject_correction,236,312,39.299960428,0.045303050
1789794382.723850250,candidate_queued,236,313,15.000000000,1.000000000
1789794383.385967016,reject_correction,236,313,39.828240463,0.048227121
1789794384.524141788,candidate_queued,238,314,16.000000000,1.000000000
1789794385.182354689,reject_correction,238,314,39.319454957,0.047312120
1789794386.323879480,candidate_queued,234,315,17.000000000,1.000000000
1789794387.054576159,reject_correction,234,315,41.900765167,0.050199118
1789794388.190609455,candidate_queued,234,316,18.000000000,1.000000000
1789794388.948036194,reject_correction,234,316,42.420264120,0.041439515
1789794390.123998642,candidate_queued,234,317,19.000000000,1.000000000
1789794390.800437212,reject_correction,234,317,42.957220574,0.043243446
1789794391.990726233,candidate_queued,237,318,20.000000000,1.000000000
1789794392.616962194,reject_correction,237,318,41.915199395,0.058050451
1789794395.590589285,candidate_queued,230,320,21.000000000,2.000000000
1789794396.160738468,reject_correction,230,320,46.592347791,0.055055890
1789794397.323860884,candidate_queued,230,321,22.000000000,1.000000000
1789794397.964490891,reject_correction,230,321,47.119048429,0.064488552
1789794399.123940945,candidate_hold,217,322,1.000000000,2.000000000
1789794400.857361555,candidate_queued,217,323,2.000000000,1.000000000
1789794401.328616142,reject_correction,217,323,54.695370665,0.036001722
1789794402.590656757,candidate_queued,217,324,3.000000000,1.000000000
1789794403.091136694,reject_correction,217,324,54.841012262,0.061673193
1789794408.257475376,candidate_queued,222,327,4.000000000,3.000000000
1789794409.057198763,reject_correction,222,327,54.332956234,0.069272529
1789794413.190821409,candidate_queued,221,330,5.000000000,3.000000000
1789794414.047509670,reject_correction,221,330,56.384878165,0.025912693
1789794426.323987246,candidate_hold,208,338,1.000000000,2.000000000
1789794430.590523720,candidate_queued,210,340,2.000000000,2.000000000
1789794430.778765678,reject_correction,210,340,66.970166262,0.064519122
1789794431.123900175,candidate_queued,210,341,3.000000000,1.000000000
1789794431.497762918,reject_correction,210,341,66.895360722,0.060850635
1789794432.523991108,candidate_hold,97,345,1.000000000,2.000000000
1789794432.923938036,candidate_hold,84,346,1.000000000,2.000000000
1789794433.390602589,candidate_queued,84,347,2.000000000,1.000000000
1789794433.590600729,candidate_queued,94,348,3.000000000,1.000000000
1789794433.666590452,reject_correction,84,347,66.973035591,0.068237763
1789794433.790614843,candidate_queued,93,349,4.000000000,1.000000000
1789794433.870297194,reject_correction,94,348,66.970463454,0.068873730
1789794434.062227011,reject_correction,93,349,66.929565524,0.073181031
1789794434.124123096,candidate_queued,92,350,5.000000000,1.000000000
1789794434.215531111,reject_correction,92,350,66.922815752,0.067466720
1789794434.390565634,candidate_queued,91,351,6.000000000,1.000000000
1789794434.484964132,reject_correction,91,351,66.922686740,0.066552913
1789794434.590706110,candidate_queued,90,352,7.000000000,1.000000000
1789794434.668364286,reject_correction,90,352,66.900972815,0.063359461
1789794434.790677786,candidate_queued,90,353,8.000000000,1.000000000
1789794434.990545034,candidate_queued,88,354,9.000000000,1.000000000
1789794435.020340204,reject_correction,90,353,66.849813583,0.063396514
1789794435.257508755,candidate_queued,86,355,10.000000000,1.000000000
1789794435.341559887,reject_correction,88,354,66.850159540,0.066425416
1789794435.525020361,reject_correction,86,355,66.901042760,0.066259705
1789794435.590521574,candidate_queued,86,356,11.000000000,1.000000000
1789794435.799847841,reject_correction,86,356,66.887190937,0.065574284
1789794435.924168348,candidate_queued,85,357,12.000000000,1.000000000
1789794436.123956680,candidate_queued,82,358,13.000000000,1.000000000
1789794436.172818184,reject_correction,85,357,66.919711570,0.065044497
1789794436.343942404,reject_correction,82,358,66.937626773,0.065578370
1789794436.390634537,candidate_queued,81,359,14.000000000,1.000000000
1789794436.512647390,reject_correction,81,359,66.931274381,0.065162609
1789794436.590760708,candidate_queued,81,360,15.000000000,1.000000000
1789794436.853333950,reject_correction,81,360,67.001521555,0.069697796
1789794441.657467365,candidate_queued,75,363,16.000000000,3.000000000
1789794441.955973625,reject_correction,75,363,66.951121148,0.066535627
1789794443.190857887,candidate_queued,74,364,17.000000000,1.000000000
1789794443.417276144,reject_correction,74,364,66.961353732,0.067604393
1789794446.190601587,candidate_queued,72,366,18.000000000,2.000000000
1789794446.373398542,reject_correction,72,366,66.906953035,0.068750119
1789794447.723951340,candidate_queued,71,367,19.000000000,1.000000000
1789794447.836429596,reject_correction,71,367,66.883433541,0.069009247
1789794449.257487774,candidate_queued,71,368,20.000000000,1.000000000
1789794449.580725908,reject_correction,71,368,66.801714844,0.068481000
1789794451.057341337,candidate_queued,70,369,21.000000000,1.000000000
1789794451.280636787,reject_correction,70,369,66.792618199,0.066972380
1789794452.790615082,candidate_queued,68,370,22.000000000,1.000000000
1789794452.903649330,reject_correction,68,370,66.836738804,0.067397363
1789794454.590800285,candidate_queued,67,371,23.000000000,1.000000000
1789794454.741076469,reject_correction,67,371,66.819691188,0.066240456
1789794456.057556629,candidate_queued,67,372,24.000000000,1.000000000
1789794456.324283838,reject_correction,67,372,66.790656492,0.066062016
1789794457.990517139,candidate_queued,67,373,25.000000000,1.000000000
1789794458.253468275,reject_correction,67,373,66.761774422,0.065745485
1789794460.057487726,candidate_queued,67,374,26.000000000,1.000000000
1789794460.270207167,reject_correction,67,374,66.763829904,0.066928424
1789794468.257318497,candidate_queued,65,375,27.000000000,1.000000000
1789794468.535161018,reject_correction,65,375,66.776460673,0.069089136
1789794599.857365131,candidate_hold,312,465,1.000000000,2.000000000
1789794601.190737009,candidate_queued,318,466,2.000000000,1.000000000
1789794601.358365774,reject_correction,318,466,41.195293369,0.043479700
1789794602.590513945,candidate_hold,203,467,1.000000000,2.000000000
1789794603.857311726,candidate_queued,204,468,2.000000000,1.000000000
1789794604.134443998,reject_geometry,204,468,0.023770835,0.797588507
1789794605.190546274,candidate_queued,204,469,3.000000000,1.000000000
1789794605.518008232,reject_correction,204,469,73.265301590,0.084022992
1789794615.057615280,candidate_hold,201,476,1.000000000,2.000000000
1789794620.724151134,candidate_hold,300,480,1.000000000,2.000000000
1789794622.257265806,candidate_hold,203,481,1.000000000,2.000000000
1789794623.990613461,candidate_queued,203,482,2.000000000,1.000000000
1789794624.308118582,reject_geometry,203,482,0.024675083,0.775262154
1789794663.257438421,candidate_hold,74,528,1.000000000,2.000000000
1789794722.590606689,candidate_hold,368,558,1.000000000,2.000000000
1789794731.190662146,candidate_hold,362,565,1.000000000,2.000000000
1789794775.657319307,candidate_hold,483,615,1.000000000,2.000000000
1789794777.390625000,candidate_queued,482,616,2.000000000,1.000000000
1789794777.742203474,reject_correction,482,616,38.648080807,3.083168504
1789794779.057404995,candidate_queued,482,617,3.000000000,1.000000000
1789794779.357632875,reject_correction,482,617,39.591024170,3.108585862
1789794780.657182455,candidate_queued,481,618,4.000000000,1.000000000
1789794780.950156689,reject_correction,481,618,40.658816477,3.115297317
1789794782.257358789,candidate_hold,201,619,1.000000000,2.000000000
1789794799.657421350,candidate_hold,467,629,1.000000000,2.000000000
1789794801.390953302,candidate_queued,467,630,2.000000000,1.000000000
1789794801.839826584,reject_correction,467,630,52.116537874,0.108393550
1789794803.123910666,candidate_queued,467,631,3.000000000,1.000000000
1789794803.639655352,reject_geometry,467,631,0.027638352,0.678414097
1789794805.324080467,candidate_hold,0,632,1.000000000,2.000000000
1789794807.190581083,candidate_queued,0,633,2.000000000,1.000000000
1789794807.974751234,reject_geometry,0,633,0.035661859,0.547029703
1789794808.857487440,candidate_queued,0,634,3.000000000,1.000000000
1789794809.700680017,reject_geometry,0,634,0.036864822,0.556173268
1789794810.524081230,candidate_queued,0,635,4.000000000,1.000000000
1789794811.251884222,reject_geometry,0,635,0.037020919,0.582943925
1789794812.257510424,candidate_queued,0,636,5.000000000,1.000000000
1789794813.034299850,reject_geometry,0,636,0.027396833,0.622708758
1789794814.123902321,candidate_queued,0,637,6.000000000,1.000000000
1789794814.909911633,reject_geometry,0,637,0.027815552,0.638179520
1789794815.990723848,candidate_queued,0,638,7.000000000,1.000000000
1789794816.814263821,reject_geometry,0,638,0.025001746,0.615749097
1789794817.857593060,candidate_queued,0,639,8.000000000,1.000000000
1789794818.348706722,geometry_hold,0,639,0.023077312,0.744551551
1789794819.657536745,candidate_queued,0,640,9.000000000,1.000000000
1789794820.040591478,geometry_verified,0,640,0.024395862,0.752563823
1789794820.040668011,accepted,0,640,4.000000000,0.000000000
